,precision,recall,f1-score,support
positive,0.9104477611940298,0.8026315789473685,0.8531468531468531,76.0
negative,0.735632183908046,0.7710843373493976,0.7529411764705882,83.0
neutral,0.9176470588235294,0.9313432835820895,0.9244444444444444,335.0
accuracy,0.8846153846153846,0.8846153846153846,0.8846153846153846,0.8846153846153846
macro avg,0.8545756679752018,0.8350197332929518,0.8435108246872952,494.0
weighted avg,0.8859580279777255,0.8846153846153846,0.8846602578443493,494.0
