,precision,recall,f1-score,support
positive,0.8579234972677595,0.8870056497175142,0.8722222222222222,177.0
negative,0.927797833935018,0.8831615120274914,0.9049295774647887,291.0
neutral,0.5,0.6538461538461539,0.5666666666666667,26.0
accuracy,0.8724696356275303,0.8724696356275303,0.8724696356275303,0.8724696356275303
macro avg,0.761907110400926,0.8080044385303865,0.7812728221178925,494.0
weighted avg,0.8802462119260803,0.8724696356275303,0.8754072342285834,494.0
