,precision,recall,f1-score,support
positive,0.9264705882352942,0.8873239436619719,0.9064748201438849,71.0
negative,0.4,0.36363636363636365,0.38095238095238093,11.0
neutral,0.9735576923076923,0.9830097087378641,0.9782608695652174,412.0
accuracy,0.9554655870445344,0.9554655870445344,0.9554655870445344,0.9554655870445344
macro avg,0.7666760935143287,0.7446566720120665,0.7552293568871611,494.0
weighted avg,0.9540185850110833,0.9554655870445344,0.9546430499626752,494.0
