,precision,recall,f1-score,support
positive,0.9595959595959596,0.9595959595959596,0.9595959595959596,99.0
negative,0.3333333333333333,0.875,0.4827586206896552,8.0
neutral,0.9919786096256684,0.958656330749354,0.9750328515111695,387.0
accuracy,0.9574898785425101,0.9574898785425101,0.9574898785425101,0.9574898785425101
macro avg,0.7616359675183203,0.9310840967817712,0.8057958105989281,494.0
weighted avg,0.9748226489712558,0.9574898785425101,0.9639671710533194,494.0
